{
  "Total" : {
    "transaction" : "Total",
    "sampleCount" : 20000,
    "errorCount" : 8946,
    "errorPct" : 44.73,
    "meanResTime" : 39473.395600000156,
    "medianResTime" : 32523.0,
    "minResTime" : 2.0,
    "maxResTime" : 127373.0,
    "pct1ResTime" : 87534.50000000003,
    "pct2ResTime" : 96987.95,
    "pct3ResTime" : 127243.0,
    "throughput" : 79.53835936226143,
    "receivedKBytesPerSec" : 732.0434697018504,
    "sentKBytesPerSec" : 12.488602090964045
  },
  "Get Task" : {
    "transaction" : "Get Task",
    "sampleCount" : 10000,
    "errorCount" : 8393,
    "errorPct" : 83.93,
    "meanResTime" : 56449.1044999999,
    "medianResTime" : 56577.0,
    "minResTime" : 73.0,
    "maxResTime" : 107295.0,
    "pct1ResTime" : 93801.79999999999,
    "pct2ResTime" : 98295.4,
    "pct3ResTime" : 104293.7,
    "throughput" : 80.98805426199635,
    "receivedKBytesPerSec" : 1447.3300041759467,
    "sentKBytesPerSec" : 2.04626917139097
  },
  "Create Task" : {
    "transaction" : "Create Task",
    "sampleCount" : 10000,
    "errorCount" : 553,
    "errorPct" : 5.53,
    "meanResTime" : 22497.686699999962,
    "medianResTime" : 11559.5,
    "minResTime" : 2.0,
    "maxResTime" : 127373.0,
    "pct1ResTime" : 47521.2,
    "pct2ResTime" : 64457.0,
    "pct3ResTime" : 127287.0,
    "throughput" : 39.78927599433401,
    "receivedKBytesPerSec" : 21.34292878664592,
    "sentKBytesPerSec" : 11.489584752898649
  }
}